<?xml version="1.0" encoding="UTF-8"?>
<project-private xmlns="http://www.netbeans.org/ns/project-private/1">
    <editor-bookmarks xmlns="http://www.netbeans.org/ns/editor-bookmarks/2" lastBookmarkId="0"/>
    <open-files xmlns="http://www.netbeans.org/ns/projectui-open-files/2">
        <group>
            <file>file:/C:/Users/sharw/OneDrive/Documents/NetBeansProjects/PMS3/src/java/depts/AddDepartmentServlet.java</file>
            <file>file:/C:/Users/sharw/OneDrive/Documents/NetBeansProjects/PMS3/web/js/highcharts.js</file>
            <file>file:/C:/Users/sharw/OneDrive/Documents/NetBeansProjects/PMS3/src/java/depts/DeleteDepartmentServlet.java</file>
            <file>file:/C:/Users/sharw/OneDrive/Documents/NetBeansProjects/PMS3/src/java/depts/DeptDAO.java</file>
            <file>file:/C:/Users/sharw/OneDrive/Documents/NetBeansProjects/PMS3/web/js/popup.js</file>
            <file>file:/C:/Users/sharw/OneDrive/Documents/NetBeansProjects/PMS3/web/line.jsp</file>
            <file>file:/C:/Users/sharw/OneDrive/Documents/NetBeansProjects/PMS3/src/java/login/login.java</file>
            <file>file:/C:/Users/sharw/OneDrive/Documents/NetBeansProjects/PMS3/web/css/bootstrap.css</file>
            <file>file:/C:/Users/sharw/OneDrive/Documents/NetBeansProjects/PMS3/web/css/contactcss.css</file>
            <file>file:/C:/Users/sharw/OneDrive/Documents/NetBeansProjects/PMS3/web/js/jquery.min.js</file>
            <file>file:/C:/Users/sharw/OneDrive/Documents/NetBeansProjects/PMS3/web/signup.jsp</file>
            <file>file:/C:/Users/sharw/OneDrive/Documents/NetBeansProjects/PMS3/web/index.jsp</file>
            <file>file:/C:/Users/sharw/OneDrive/Documents/NetBeansProjects/PMS3/web/login.jsp</file>
            <file>file:/C:/Users/sharw/OneDrive/Documents/NetBeansProjects/PMS3/src/java/depts/UpdateDepartmentServlet.java</file>
            <file>file:/C:/Users/sharw/OneDrive/Documents/NetBeansProjects/PMS3/web/dashboard.jsp</file>
            <file>file:/C:/Users/sharw/OneDrive/Documents/NetBeansProjects/PMS3/src/java/dao/UserDAO.java</file>
            <file>file:/C:/Users/sharw/OneDrive/Documents/NetBeansProjects/PMS3/web/departments.jsp</file>
            <file>file:/C:/Users/sharw/OneDrive/Documents/NetBeansProjects/PMS3/web/css/popbox.css</file>
            <file>file:/C:/Users/sharw/OneDrive/Documents/NetBeansProjects/PMS3/src/java/depts/AddProductionRecord.java</file>
            <file>file:/C:/Users/sharw/OneDrive/Documents/NetBeansProjects/PMS3/web/pie.jsp</file>
            <file>file:/C:/Users/sharw/OneDrive/Documents/NetBeansProjects/PMS3/src/java/prediction/AddDataServlet.java</file>
            <file>file:/C:/Users/sharw/OneDrive/Documents/NetBeansProjects/PMS3/src/java/prediction/AddPredictionRecord.java</file>
            <file>file:/C:/Users/sharw/OneDrive/Documents/NetBeansProjects/PMS3/web/js/handle.js</file>
            <file>file:/C:/Users/sharw/OneDrive/Documents/NetBeansProjects/PMS3/web/lines.jsp</file>
            <file>file:/C:/Users/sharw/OneDrive/Documents/NetBeansProjects/PMS3/web/total_line.jsp</file>
            <file>file:/C:/Users/sharw/OneDrive/Documents/NetBeansProjects/PMS3/web/saveData.jsp</file>
            <file>file:/C:/Users/sharw/OneDrive/Documents/NetBeansProjects/PMS3/web/pred.jsp</file>
            <file>file:/C:/Users/sharw/OneDrive/Documents/NetBeansProjects/PMS3/web/redirect.jsp</file>
            <file>file:/C:/Users/sharw/OneDrive/Documents/NetBeansProjects/PMS3/web/bar.jsp</file>
            <file>file:/C:/Users/sharw/OneDrive/Documents/NetBeansProjects/PMS3/web/footer.jsp</file>
            <file>file:/C:/Users/sharw/OneDrive/Documents/NetBeansProjects/PMS3/web/js/departments.js</file>
            <file>file:/C:/Users/sharw/OneDrive/Documents/NetBeansProjects/PMS3/web/dept_record.jsp</file>
            <file>file:/C:/Users/sharw/OneDrive/Documents/NetBeansProjects/PMS3/web/predi.jsp</file>
        </group>
    </open-files>
</project-private>
